Team A Rounds,Team B Rounds,Ping,Kills,Assists,Deaths,Mvp's,HS%,Points,Result
16,13,215,17,2,21,2,5,45,Win
16,11,199,13,4,24,2,0,40,Lost
16,14,85,15,3,18,3,26,37,Win
11,16,93,12,2,15,2,16,30,Lost
15,15,94,33,5,20,5,30,83,Tie
16,4,88,13,2,17,1,38,34,Lost
16,14,89,19,5,24,2,15,52,Lost
16,14,82,17,1,25,0,35,37,Lost
16,8,112,25,10,12,4,16,70,Win
6,16,89,13,1,17,0,61,31,Lost
5,16,87,17,4,12,3,47,44,Win
6,16,206,15,1,12,3,0,36,Win
16,11,196,8,2,18,0,0,22,Lost
13,16,110,26,6,20,6,14,71,Lost
12,16,218,13,5,22,1,30,35,Win
10,16,82,17,4,19,3,11,43,Win
3,16,142,14,4,12,3,21,36,Win
4,16,85,15,7,13,3,13,43,Win
16,2,632,13,2,8,1,15,30,Win
16,7,84,15,3,20,1,26,43,Lost
5,16,105,16,5,12,3,55,42,Win
8,16,88,19,6,15,2,15,45,Win
16,14,98,11,5,21,4,9,44,Lost
16,3,92,22,2,7,5,18,47,Win
9,16,87,10,2,22,2,10,26,Lost
16,13,93,21,6,18,3,14,56,Win
2,16,90,12,7,11,2,50,35,Win
10,16,95,15,6,12,0,6,39,Win
15,15,94,25,1,20,2,24,56,Tie
16,13,563,27,5,20,3,18,65,Win
6,16,91,13,2,17,0,38,28,Lost
5,16,0,16,2,10,2,43,41,Win
9,16,99,11,1,18,2,9,25,Lost
16,11,0,12,5,23,3,41,43,Lost
2,16,104,14,3,15,1,42,31,Lost
16,2,89,11,2,10,1,27,24,Win
12,16,101,13,3,18,1,7,30,Lost
3,16,92,24,3,6,6,16,64,Win
15,15,88,27,3,21,1,29,64,Tie
13,16,112,23,3,7,6,21,54,Win
16,2,93,6,1,14,0,0,15,Lost
16,14,0,6,5,14,1,16,17,Win
16,11,173,10,8,13,1,40,32,Lost
16,0,99,12,1,4,3,8,31,Win
16,9,100,10,6,19,1,40,26,Lost
13,16,178,23,8,18,3,25,60,Win
16,5,94,16,2,9,3,12,36,Win
2,14,0,1,1,8,0,100,3,Lost
6,16,90,22,1,10,6,26,55,Win
7,16,112,18,5,16,1,27,41,Win
16,8,358,17,4,19,2,11,46,Lost
14,16,198,13,5,16,2,23,36,Lost
11,16,0,15,8,13,4,6,44,Win
15,15,0,12,7,20,2,16,41,Tie
3,16,287,7,4,16,0,0,21,Lost
14,16,104,10,6,20,0,40,27,Lost
6,16,87,19,3,12,5,20,48,Win
16,12,92,18,4,19,2,22,48,Lost
16,14,84,16,4,14,1,6,48,Win
9,16,92,9,2,18,0,33,22,Lost
6,16,86,5,5,20,0,40,16,Lost
8,16,133,15,7,22,0,13,39,Lost
16,13,86,14,11,22,3,7,52,Win
10,16,99,25,5,16,4,20,70,Win
6,16,158,14,3,14,1,28,31,Lost
9,16,85,28,5,12,7,10,70,Win
16,6,106,11,6,17,1,27,33,Lost
16,8,287,10,6,23,0,30,26,Lost
16,5,0,10,5,17,1,30,26,Lost
0,11,88,10,1,4,4,30,28,Win
9,16,84,25,0,19,4,12,53,Lost
15,15,119,15,5,27,3,13,48,Tie
15,15,97,22,4,21,4,22,51,Tie
8,16,92,8,1,11,3,25,24,Win
2,16,92,10,1,13,0,10,21,Lost
16,7,101,16,8,18,1,37,48,Lost
16,5,91,8,2,18,2,12,22,Lost
16,10,88,19,5,14,4,21,49,Win
15,15,90,36,5,17,4,22,89,Tie
7,3,89,7,1,5,2,14,15,Win
14,1,91,10,1,10,1,20,22,Win
14,16,143,22,6,21,2,13,56,Lost
16,11,121,17,6,20,3,23,46,Win
16,10,150,16,3,19,3,12,46,Lost
16,12,90,14,8,20,2,7,42,Lost
16,6,82,11,5,15,2,36,29,Win
16,4,84,19,4,10,2,10,42,Win
5,16,86,18,6,13,4,27,47,Win
14,16,83,36,5,21,7,25,89,Lost
15,15,0,25,3,15,3,24,64,Tie
16,4,88,22,9,9,7,18,53,Win
15,15,91,20,5,23,3,30,53,Tie
2,16,89,15,4,11,0,26,37,Win
10,16,87,15,8,22,2,20,42,Lost
6,16,207,13,5,15,1,15,31,Lost
16,9,0,7,4,15,0,14,19,Lost
16,12,85,22,6,20,1,17,54,Lost
5,16,200,14,7,14,2,28,37,Win
8,1,0,0,1,3,0,0,1,Lost
16,10,0,1,0,4,0,0,2,Lost
12,1,89,18,2,3,2,11,39,Win
11,6,198,10,3,11,1,10,30,Lost
16,12,387,8,9,21,0,37,32,Lost
16,12,103,15,4,18,3,40,45,Lost
5,16,92,9,3,14,0,11,23,Lost
16,9,185,11,4,21,1,36,37,Lost
16,7,94,9,2,21,2,22,24,Lost
11,16,90,19,6,22,2,26,46,Lost
10,16,90,23,5,19,2,30,67,Lost
14,16,92,14,5,19,2,28,37,Lost
16,7,95,10,9,15,1,10,31,Win
9,16,223,10,3,21,0,10,28,Lost
5,16,93,12,0,16,0,16,25,Lost
16,14,88,20,7,22,3,25,62,Lost
4,16,88,18,3,12,3,27,53,Win
16,10,95,24,4,13,4,16,60,Win
16,5,98,10,8,14,1,30,28,Win
16,7,94,16,7,18,2,31,45,Lost
12,16,95,23,8,23,2,17,65,Win
15,15,90,21,4,23,2,9,55,Tie
15,15,89,17,5,21,1,17,47,Tie
16,14,93,34,4,22,6,32,88,Win
16,10,97,16,7,20,1,31,41,Lost
16,3,90,20,2,8,3,5,46,Win
16,3,95,9,2,17,1,33,24,Lost
12,16,87,18,13,19,4,27,51,Win
1,10,92,11,2,4,4,9,26,Win
16,9,0,9,6,17,2,11,26,Lost
11,16,0,23,2,17,3,21,52,Win
16,11,87,28,4,19,6,10,68,Lost
16,7,0,3,2,7,0,33,8,Lost
7,16,121,19,2,19,1,15,42,Lost
16,8,0,7,0,15,0,14,17,Lost
14,16,86,18,5,25,2,22,49,Lost
13,16,159,9,7,23,1,22,30,Win
11,16,88,11,12,18,1,45,40,Win
12,16,97,19,4,19,1,10,51,Lost
11,16,152,25,6,18,2,28,62,Lost
16,7,164,15,7,13,2,13,37,Win
11,16,141,14,6,16,1,21,39,Win
16,14,140,27,7,20,4,37,65,Lost
7,16,87,10,3,21,1,30,23,Lost
10,16,87,16,6,21,2,31,40,Lost
16,5,79,13,4,15,2,23,31,Win
12,16,82,12,4,24,2,23,30,Lost
16,11,83,16,7,23,1,37,42,Lost
16,6,80,16,3,19,2,25,41,Lost
15,15,79,28,5,20,4,25,64,Tie
16,2,85,7,5,13,2,14,19,Win
5,16,0,5,3,14,0,40,13,Lost
14,16,82,19,7,23,4,36,48,Lost
16,3,88,5,1,16,1,0,17,Lost
7,16,109,16,4,15,2,31,36,Win
6,16,87,11,4,19,1,9,31,Lost
8,16,101,15,3,19,3,26,45,Lost
16,10,85,23,2,17,4,4,53,Lost
12,16,103,26,8,19,6,15,63,Win
16,4,102,10,0,17,0,20,22,Lost
13,16,154,22,4,22,3,18,55,Lost
16,6,81,17,6,12,3,23,54,Win
16,9,81,22,4,17,3,22,52,Lost
13,16,0,10,3,22,0,20,31,Lost
16,12,86,14,7,20,3,28,40,Lost
12,16,82,14,4,18,0,21,39,Lost
14,16,84,19,7,21,3,31,51,Win
13,16,90,14,6,24,4,35,37,Lost
13,16,77,17,2,22,1,29,41,Win
14,16,85,17,5,20,3,11,43,Win
9,16,103,25,10,13,5,32,69,Win
7,16,87,20,3,11,3,20,61,Win
16,11,82,14,2,21,4,28,39,Lost
16,6,99,22,3,13,5,27,54,Win
16,12,77,9,6,21,1,22,26,Win
15,15,93,25,3,20,4,42,58,Tie
16,3,88,12,5,9,2,25,29,Win
7,12,81,6,2,13,1,16,17,Lost
11,16,85,12,7,19,0,16,37,Win
15,15,88,15,1,23,4,6,33,Tie
15,15,80,17,12,26,1,35,50,Tie
16,11,72,15,3,21,1,26,37,Lost
16,13,90,26,3,14,2,3,68,Win
16,13,87,19,4,24,4,15,55,Lost
15,15,289,14,2,22,2,13,35,Tie
16,7,87,25,4,12,3,24,57,Win
15,15,147,12,2,22,1,8,29,Tie
4,16,90,6,1,19,0,33,15,Lost
15,15,83,25,3,21,5,24,65,Tie
16,12,93,11,5,20,1,27,38,Win
10,2,104,5,1,7,1,40,13,Win
16,13,79,29,5,22,5,17,77,Win
16,14,80,24,3,20,3,25,60,Win
10,16,93,13,4,21,2,23,36,Lost
16,14,136,9,9,24,1,22,35,Lost
16,12,82,15,10,17,0,20,47,Win
16,7,80,13,5,19,2,15,40,Lost
15,15,89,20,7,23,3,20,50,Tie
15,15,111,27,6,21,3,22,69,Tie
5,16,90,19,4,12,4,10,51,Win
16,6,91,23,4,14,6,8,57,Win
15,15,173,19,5,22,4,5,56,Tie
16,13,147,18,1,18,2,11,44,Win
16,9,101,11,2,22,0,27,27,Lost
7,16,85,11,4,14,1,36,30,Win
14,16,143,25,5,19,4,20,61,Win
16,6,237,11,3,20,1,27,25,Lost
16,5,112,10,2,14,0,40,24,Lost
16,9,0,2,1,8,0,0,5,Lost
7,16,222,14,0,17,2,42,28,Win
16,5,138,9,4,20,2,11,22,Lost
16,9,92,15,5,17,2,40,39,Win
12,16,89,22,7,17,4,13,60,Win
9,16,85,23,3,15,3,30,54,Win
16,11,82,17,1,16,1,29,41,Win
7,16,81,11,6,20,0,36,28,Lost
16,7,162,17,3,21,1,41,41,Lost
15,15,78,11,5,22,1,36,29,Tie
12,16,77,16,9,19,3,43,45,Win
16,7,78,9,4,16,0,11,24,Win
8,16,85,23,11,17,2,13,57,Win
16,8,83,13,4,20,0,23,33,Lost
12,16,104,15,4,22,0,18,41,Lost
4,16,0,6,0,11,0,14,12,Lost
12,16,80,14,5,22,2,42,38,Lost
10,16,84,29,5,17,6,27,75,Win
16,4,82,3,5,15,0,0,12,Win
16,10,90,21,3,19,2,47,47,Lost
16,13,83,21,8,26,2,19,57,Lost
16,10,87,24,5,20,5,33,62,Lost
16,13,116,22,7,20,5,4,61,Win
14,16,390,23,7,19,2,34,58,Lost
5,16,85,12,1,14,1,50,28,Lost
16,11,90,19,5,17,0,21,46,Win
13,16,82,31,7,17,5,32,78,Win
16,6,0,8,1,12,1,37,17,Lost
16,11,78,16,8,18,3,43,44,Win
8,16,254,24,1,16,2,37,52,Lost
16,10,85,26,2,20,3,30,72,Lost
10,16,164,12,6,18,2,25,31,Win
16,9,83,20,7,16,2,30,51,Win
16,13,0,4,2,7,1,50,10,Win
4,16,83,8,0,17,0,12,18,Lost
11,16,87,16,6,22,3,18,48,Win
13,16,84,22,7,23,2,18,59,Lost
16,9,83,4,5,21,0,0,19,Lost
5,16,82,19,4,13,5,10,52,Win
11,16,135,17,2,20,3,17,48,Lost
9,16,83,11,2,18,2,27,26,Lost
16,9,142,14,7,18,3,28,45,Win
16,13,79,16,4,25,4,18,50,Lost
10,16,85,5,3,24,0,40,13,Lost
13,16,86,9,5,20,2,22,29,Lost
16,10,77,11,5,21,2,27,34,Lost
16,14,88,15,3,18,3,26,46,Win
16,11,84,15,3,17,1,33,36,Win
16,10,85,16,1,15,3,25,45,Win
10,16,132,12,8,20,2,25,38,Lost
14,16,97,17,2,20,3,35,52,Win
6,16,82,15,2,11,2,20,38,Win
16,11,85,20,3,18,2,23,47,Lost
2,16,79,4,2,16,0,0,10,Lost
16,8,85,18,3,12,4,22,45,Win
12,16,88,13,1,15,3,23,31,Lost
16,4,91,18,0,8,2,47,36,Win
16,12,84,15,3,21,3,40,39,Lost
15,15,130,4,2,22,2,25,17,Tie
16,13,111,23,7,21,5,41,67,Lost
9,16,78,9,1,23,0,33,23,Lost
11,16,0,17,1,15,0,17,37,Lost
16,14,81,11,6,22,1,50,35,Lost
4,16,79,7,3,17,0,14,22,Lost
7,16,92,18,5,12,3,33,58,Win
9,16,77,12,5,21,0,30,36,Lost
5,16,120,12,7,13,2,16,33,Win
16,10,80,18,2,20,2,27,42,Lost
16,14,84,20,5,22,3,35,55,Lost
16,13,84,21,3,21,2,18,51,Lost
16,6,166,7,1,13,1,42,19,Win
16,9,87,19,4,15,1,21,48,Win
12,16,82,19,4,21,3,10,49,Lost
7,16,83,19,6,14,4,15,55,Win
16,8,100,15,9,21,1,13,44,Lost
10,16,84,19,2,17,4,15,45,Win
13,16,141,18,8,20,4,22,51,Win
16,12,422,14,1,19,2,13,35,Lost
16,10,81,12,6,21,2,16,38,Lost
2,16,0,6,2,14,1,33,14,Lost
16,10,130,12,3,14,3,16,34,Win
15,15,160,20,4,22,2,30,48,Tie
16,11,384,15,7,22,1,40,37,Lost
9,16,85,21,3,11,7,19,58,Win
15,15,0,5,2,10,0,40,13,Tie
15,15,0,18,5,20,4,27,54,Tie
10,16,92,22,4,20,3,36,51,Lost
7,16,88,11,10,11,0,54,36,Win
13,16,89,15,5,22,1,33,46,Lost
9,16,96,18,4,19,4,11,51,Lost
16,7,103,18,6,17,1,27,48,Lost
16,13,125,21,10,20,3,19,58,Win
16,12,96,18,2,21,2,33,44,Lost
14,16,99,14,6,21,2,50,37,Lost
16,7,90,13,4,17,1,15,36,Win
10,16,92,17,5,18,4,41,43,Win
16,8,267,22,4,11,4,31,61,Win
6,16,87,5,2,17,0,20,16,Lost
9,16,93,17,4,21,1,38,41,Lost
16,10,89,6,4,19,1,42,19,Lost
16,6,91,12,6,15,0,16,31,Win
4,16,89,7,0,14,0,14,14,Lost
16,12,90,12,7,18,0,41,37,Win
1,16,134,7,6,9,2,14,27,Win
2,16,100,14,3,6,2,14,38,Win
16,3,0,0,0,3,0,0,1,Lost
16,12,81,26,7,19,5,23,67,Win
5,16,94,18,1,18,1,16,37,Lost
15,15,98,17,2,20,1,17,39,Tie
8,16,0,6,3,9,1,50,16,Lost
16,1,113,13,0,15,1,42,26,Lost
7,16,97,13,3,12,3,15,32,Win
16,13,0,4,1,9,1,50,9,Lost
7,16,102,15,3,12,1,26,35,Win
9,16,0,15,2,17,1,40,32,Lost
16,13,87,13,8,19,0,23,42,Win
2,16,269,7,3,12,0,42,20,Lost
16,7,0,1,0,7,0,0,2,Lost
16,9,113,14,7,17,1,28,42,Win
16,9,87,16,1,17,0,25,37,Lost
16,8,88,14,2,17,1,21,38,Lost
16,12,95,13,5,22,0,7,37,Lost
7,16,263,8,3,16,1,25,23,Win
16,11,133,13,6,18,0,23,36,Win
16,9,0,5,2,11,0,0,16,Lost
14,16,85,13,4,21,2,46,35,Lost
16,9,164,22,6,13,5,21,58,Win
16,7,160,6,8,21,0,16,20,Lost
15,4,130,15,4,10,2,0,40,Win
11,16,92,13,4,15,1,23,33,Win
16,14,92,12,6,21,2,33,32,Lost
6,16,111,12,3,12,1,30,31,Win
7,16,108,14,4,14,0,42,35,Win
12,16,449,13,3,22,0,7,31,Lost
9,16,196,25,5,13,5,28,70,Win
8,16,0,0,0,5,0,0,2,Win
15,15,166,14,4,24,0,28,39,Tie
3,16,102,9,0,17,1,0,18,Lost
14,16,94,21,9,24,6,33,62,Win
14,16,91,26,4,16,4,15,62,Win
15,15,89,20,7,24,1,20,52,Tie
16,8,92,12,7,19,2,0,41,Lost
15,15,90,16,6,18,2,18,40,Tie
16,9,95,20,4,21,2,35,44,Lost
16,12,108,19,3,18,3,31,54,Win
16,4,0,2,1,2,1,0,5,Lost
11,16,94,13,5,18,3,7,42,Win
2,16,97,7,2,14,0,28,18,Lost
9,16,85,17,4,10,3,29,47,Win
16,5,95,9,7,19,1,11,33,Lost
3,16,93,19,3,10,2,36,46,Win
16,14,90,17,7,26,0,23,45,Win
10,16,100,18,3,22,1,27,43,Lost
14,16,95,24,8,20,5,16,73,Win
16,7,106,17,3,12,3,29,39,Win
16,9,97,17,4,19,4,23,44,Lost
16,12,67,17,5,22,1,11,40,Lost
16,14,68,20,2,21,2,20,45,Win
15,15,32,23,13,24,1,21,62,Tie
1,16,92,13,5,9,3,7,38,Win
16,13,90,20,3,19,0,35,46,Win
9,16,0,13,4,22,2,7,35,Lost
15,15,91,25,2,21,3,28,57,Tie
7,16,0,18,2,18,4,11,44,Lost
6,16,89,9,1,17,1,0,25,Lost
9,16,94,12,3,19,1,8,34,Lost
8,16,100,20,2,13,3,20,47,Win
12,16,93,17,4,24,1,11,44,Lost
9,16,84,14,4,16,2,28,36,Win
14,7,89,16,2,9,1,12,42,Win
14,16,90,20,9,22,2,15,55,Lost
12,16,91,21,3,18,3,14,58,Win
2,16,97,7,5,11,2,28,24,Win
16,9,94,26,4,12,5,22,67,Win
16,8,94,16,5,19,3,37,42,Lost
16,14,92,25,6,16,6,16,62,Win
2,16,93,7,3,18,0,42,17,Lost
16,6,96,10,4,19,1,10,28,Lost
15,15,90,9,4,17,0,44,26,Tie
8,16,87,12,2,20,1,16,30,Lost
11,16,94,23,6,19,1,17,58,Lost
6,16,0,8,2,9,1,37,18,Lost
16,9,90,18,6,16,2,11,53,Lost
9,16,153,15,5,20,0,40,38,Lost
16,8,86,16,5,18,2,37,38,Lost
6,16,193,23,6,14,4,21,59,Win
15,15,91,18,6,23,4,27,46,Tie
16,6,95,10,7,20,0,20,31,Lost
16,8,93,17,3,19,0,17,38,Lost
16,3,83,15,4,11,3,18,34,Win
16,14,96,13,3,26,2,23,37,Lost
10,16,88,10,1,22,0,20,21,Lost
15,15,90,17,5,22,2,23,47,Tie
12,16,89,21,5,19,2,14,54,Win
15,15,97,20,8,22,2,15,53,Tie
11,16,99,2,6,20,1,66,16,Win
6,16,101,8,1,17,1,12,19,Lost
14,16,98,21,7,16,3,9,54,Win
16,4,100,5,3,19,0,20,18,Lost
15,15,68,19,6,26,2,21,55,Tie
14,16,73,17,2,22,4,11,43,Lost
7,16,74,17,4,13,0,17,41,Win
12,16,70,17,4,22,1,35,43,Lost
14,16,35,20,7,19,2,15,47,Lost
5,16,59,11,1,16,1,9,23,Lost
11,16,60,16,10,23,2,25,50,Win
10,16,43,12,3,18,2,50,34,Lost
16,8,64,16,4,11,3,25,40,Win
16,11,63,11,5,20,0,18,35,Lost
16,6,39,10,1,12,2,20,24,Win
4,16,38,17,6,11,2,29,50,Win
8,16,39,11,4,21,2,27,28,Lost
16,4,71,16,4,11,2,38,41,Win
16,12,42,16,8,15,0,17,46,Win
15,15,51,21,7,21,2,38,53,Tie
16,11,42,18,5,17,1,16,46,Lost
16,11,37,17,2,20,2,22,46,Lost
8,16,87,19,5,17,3,26,45,Win
16,2,90,14,3,6,2,14,31,Win
13,16,118,18,3,17,2,27,41,Lost
16,10,89,9,7,19,2,44,26,Lost
16,13,153,22,4,22,2,27,51,Lost
16,12,86,20,5,21,2,14,51,Lost
16,4,127,10,0,16,1,30,23,Lost
16,14,91,16,2,16,1,12,34,Lost
14,16,81,19,1,20,0,21,42,Lost
12,16,82,13,6,20,1,23,35,Win
9,16,85,20,4,14,1,25,48,Win
2,16,0,20,3,5,3,35,50,Win
16,4,92,13,6,8,1,7,34,Win
7,16,91,11,2,17,2,27,29,Lost
16,4,85,12,2,11,3,33,30,Win
15,15,81,31,5,17,5,35,74,Tie
16,9,83,16,3,20,2,37,37,Win
13,16,85,10,6,21,2,20,33,Win
16,8,90,17,4,21,1,35,44,Lost
16,12,87,15,6,24,0,33,38,Lost
14,16,129,15,6,22,2,13,49,Lost
16,10,85,17,2,12,3,23,44,Win
16,8,90,15,0,16,3,33,36,Win
11,16,95,18,1,16,2,0,50,Win
15,15,93,24,6,22,4,25,56,Tie
16,14,86,19,1,21,2,15,48,Win
10,16,85,18,9,19,2,22,53,Lost
15,15,82,24,5,19,0,29,62,Tie
14,4,92,12,4,8,0,25,30,Win
4,16,94,10,2,16,0,30,23,Lost
14,16,90,12,8,18,4,16,47,Lost
16,12,91,15,6,22,2,33,46,Lost
16,7,108,16,7,16,3,25,43,Win
16,14,88,13,3,22,1,30,40,Lost
16,0,85,10,0,2,1,20,20,Win
13,0,85,6,2,11,0,16,16,Lost
16,7,88,23,2,12,4,17,57,Win
16,7,0,17,2,17,0,23,46,Lost
9,16,89,10,5,20,2,30,29,Lost
5,16,90,6,5,17,0,16,21,Lost
5,16,80,12,3,19,1,23,27,Lost
2,16,87,5,3,18,0,20,13,Lost
16,4,82,18,3,14,1,38,45,Lost
14,16,132,18,5,19,3,22,47,Lost
12,16,82,20,5,22,2,10,52,Lost
15,15,91,17,3,22,4,5,47,Tie
6,16,94,13,2,18,1,15,29,Lost
15,15,89,18,6,23,4,16,43,Tie
14,16,87,17,4,22,2,29,43,Lost
16,10,88,17,4,21,1,5,44,Lost
16,9,80,23,4,14,3,17,54,Win
16,7,82,9,5,21,1,0,25,Lost
16,12,82,22,6,18,4,13,54,Lost
16,8,88,10,4,15,1,0,28,Win
13,16,0,0,0,0,0,0,1,Lost
16,14,82,18,4,21,1,5,49,Lost
16,7,85,10,3,19,1,30,23,Lost
13,16,79,17,7,17,0,17,49,Win
16,5,90,13,3,14,4,30,40,Win
16,14,0,16,1,17,1,25,42,Win
16,12,91,19,6,23,2,31,56,Lost
16,11,82,13,11,19,2,23,50,Win
14,16,90,22,5,20,5,27,61,Lost
8,16,87,10,4,19,2,20,28,Lost
10,16,90,29,5,16,4,20,74,Win
10,16,83,11,7,21,0,36,29,Lost
16,4,89,12,3,15,1,33,33,Lost
13,16,0,7,2,8,0,62,16,Lost
16,14,0,14,6,16,0,21,43,Lost
8,16,89,12,0,14,4,8,39,Win
16,10,86,16,4,20,2,43,43,Lost
3,16,89,9,0,17,0,20,18,Lost
10,16,93,14,7,21,2,42,40,Lost
10,16,0,3,1,8,0,0,7,Lost
16,11,88,22,9,20,1,22,56,Lost
16,6,79,11,3,12,1,27,34,Win
10,16,89,16,2,14,0,43,46,Win
16,4,88,16,3,10,4,31,40,Win
7,16,89,13,6,13,1,30,43,Win
10,16,88,8,3,19,1,37,25,Win
16,5,83,17,2,17,2,17,44,Lost
7,16,86,11,5,21,0,36,33,Lost
16,8,82,6,5,18,0,16,20,Lost
16,9,88,11,2,14,1,9,33,Win
9,16,93,17,3,19,1,5,39,Lost
15,15,90,17,5,20,4,17,43,Tie
11,16,90,20,6,20,4,15,48,Win
10,16,376,13,1,22,0,30,28,Lost
15,15,88,23,3,21,2,21,59,Tie
10,16,88,13,2,16,3,15,42,Win
16,13,90,20,5,21,1,20,47,Win
15,15,92,21,2,18,2,28,53,Tie
16,13,93,13,3,21,2,23,36,Win
16,14,86,18,5,20,1,16,44,Win
16,10,90,12,4,19,0,8,32,Lost
14,16,95,18,8,21,2,16,49,Win
16,9,88,12,6,23,2,16,32,Lost
14,16,90,15,5,22,2,20,46,Lost
16,3,90,8,1,16,1,12,21,Lost
13,16,110,14,4,21,0,28,32,Win
16,8,74,13,3,15,1,0,37,Win
5,16,129,8,2,18,0,37,20,Lost
16,14,78,11,6,26,0,36,34,Lost
16,6,0,5,3,3,0,60,14,Win
14,16,89,13,4,20,1,53,35,Lost
16,12,185,15,1,15,1,40,38,Win
16,11,210,13,4,18,0,28,31,Lost
8,16,138,13,1,19,0,7,34,Lost
16,2,119,12,3,5,2,16,27,Win
16,14,96,20,4,23,2,5,49,Lost
3,16,115,15,5,7,4,20,45,Win
16,13,119,24,6,18,2,16,63,Win
16,12,0,1,1,8,0,0,3,Win
5,13,0,0,0,3,0,0,0,Lost
16,10,116,22,4,21,3,22,58,Lost
16,13,115,34,5,19,4,8,83,Win
16,6,92,13,0,21,1,15,30,Lost
15,15,90,24,4,22,2,41,64,Tie
16,13,88,20,7,21,2,20,56,Win
16,11,91,19,7,20,2,21,54,Win
10,16,115,18,6,19,1,0,47,Lost
9,16,114,12,6,21,2,16,32,Lost
16,10,84,10,4,22,3,60,34,Lost
3,16,87,22,6,8,3,36,62,Win
16,11,114,23,3,14,1,34,55,Win
5,16,89,15,4,18,0,13,38,Lost
16,10,91,24,6,15,3,20,59,Win
2,14,95,7,3,12,1,28,17,Lost
12,16,93,18,2,17,1,27,44,Win
16,14,120,13,4,17,3,15,44,Lost
15,15,115,12,3,20,1,25,34,Tie
4,16,126,7,7,20,0,25,23,Lost
7,16,124,16,4,21,3,25,37,Lost
1,16,130,14,2,16,1,28,30,Lost
12,16,128,19,4,17,5,36,57,Lost
16,3,151,8,1,17,0,33,25,Lost
16,9,121,19,5,14,3,30,53,Win
10,16,92,9,7,21,1,11,27,Lost
16,11,115,22,3,18,1,9,53,Lost
5,16,89,17,5,11,1,35,50,Win
16,3,123,15,1,9,5,33,36,Win
10,7,129,12,4,11,2,16,30,Win
16,8,94,5,4,16,1,20,21,Lost
16,14,94,17,5,24,2,29,44,Lost
6,16,127,7,6,20,1,28,20,Lost
4,16,134,10,2,18,1,30,26,Lost
16,4,116,15,6,20,1,20,37,Lost
16,12,86,16,3,18,2,6,41,Win
8,16,84,9,6,15,1,33,31,Win
16,14,118,23,7,22,2,43,55,Lost
16,6,116,9,3,21,0,0,24,Lost
6,16,89,13,6,15,1,7,35,Win
9,16,135,12,4,21,1,8,30,Lost
15,15,95,14,7,22,3,26,43,Tie
16,12,354,18,2,17,1,15,55,Lost
5,13,92,8,3,5,2,25,23,Win
10,16,0,1,0,4,0,0,3,Lost
16,9,126,15,12,18,1,40,50,Win
16,6,121,14,2,17,2,28,35,Lost
5,16,130,11,4,10,2,27,31,Win
16,12,136,14,9,20,0,28,43,Win
15,15,103,17,6,17,1,35,44,Tie
16,7,104,11,3,20,1,36,33,Lost
15,15,79,11,8,25,2,25,38,Tie
15,15,303,20,8,23,5,42,58,Tie
6,16,312,8,3,19,0,37,19,Lost
6,16,92,15,4,17,3,53,38,Lost
0,11,290,7,1,9,0,14,15,Lost
6,16,294,7,3,12,1,28,17,Win
6,16,136,10,2,19,1,45,31,Lost
4,16,299,8,4,18,1,50,20,Lost
16,9,295,12,6,21,1,41,36,Win
13,16,290,15,14,21,2,13,50,Lost
16,7,135,10,0,22,2,10,25,Lost
16,9,86,18,3,21,2,44,50,Lost
16,2,84,26,2,10,6,19,58,Win
7,16,302,15,4,16,3,26,40,Win
12,16,84,13,5,21,1,38,38,Lost
16,14,0,12,3,11,3,16,29,Win
6,16,125,9,7,20,0,55,27,Lost
16,8,287,20,5,14,3,35,53,Win
4,16,81,7,4,18,0,57,18,Lost
8,16,140,6,12,22,1,50,32,Lost
16,10,94,16,3,24,0,50,37,Win
16,4,291,13,4,19,0,30,37,Lost
2,16,92,10,2,9,0,40,25,Win
16,14,87,29,5,23,5,31,81,Lost
14,16,384,16,8,19,1,18,51,Win
16,2,0,1,2,0,0,100,4,Win
9,16,363,11,9,19,1,18,34,Lost
12,16,211,16,5,21,4,12,48,Win
16,8,0,6,0,7,2,16,15,Win
16,4,92,11,4,16,0,18,28,Lost
16,7,0,5,0,10,0,40,13,Lost
16,9,129,15,3,20,3,26,36,Win
16,10,97,19,2,18,3,26,48,Win
16,2,46,5,4,10,1,40,22,Win
16,7,72,17,5,14,2,17,47,Win
16,8,48,19,5,17,2,10,47,Win
16,13,53,16,4,21,3,31,40,Lost
16,13,48,20,5,23,2,55,54,Lost
16,7,57,13,5,16,3,30,36,Win
1,11,40,7,2,4,1,0,25,Win
16,2,39,13,0,16,1,23,28,Lost
16,13,40,26,7,21,2,15,66,Win
16,8,59,26,5,16,3,3,68,Lost
16,11,0,4,2,4,0,50,10,Win
13,16,0,14,6,16,3,31,38,Lost
16,13,43,12,4,21,1,16,29,Lost
16,8,41,16,4,17,3,6,45,Lost
16,6,53,17,3,18,3,11,48,Lost
15,15,48,32,7,25,5,31,82,Tie
4,16,42,24,3,8,4,16,64,Win
1,16,60,8,7,8,0,20,28,Win
3,11,41,11,2,7,2,18,32,Win
14,16,41,18,4,20,2,16,53,Lost
16,3,55,16,7,10,4,25,42,Win
11,16,41,19,8,20,2,21,52,Lost
1,10,45,3,1,9,0,66,7,Lost
16,14,55,21,7,25,5,33,68,Lost
12,16,59,18,4,23,4,50,44,Win
16,11,42,24,2,16,2,20,63,Win
16,11,49,27,6,17,2,29,66,Win
2,16,49,10,1,17,0,60,21,Lost
16,7,44,15,3,17,3,33,44,Lost
5,16,47,11,4,19,1,9,26,Lost
9,16,56,21,10,20,3,23,60,Win
16,7,41,12,1,22,2,0,25,Lost
10,4,43,15,3,10,3,20,33,Win
9,16,46,11,5,23,1,18,29,Lost
16,3,41,13,3,11,1,30,32,Win
1,16,58,12,1,9,2,16,30,Win
16,9,114,9,2,16,1,22,28,Win
16,11,39,10,4,22,0,30,30,Lost
15,15,44,23,4,22,2,26,64,Tie
6,16,36,9,3,18,1,11,23,Lost
16,7,16,7,5,15,2,25,23,Win
16,6,29,11,1,8,0,9,29,Win
2,16,34,12,3,17,0,25,29,Lost
16,4,15,11,3,9,1,8,28,Win
16,5,29,10,4,17,0,30,31,Lost
15,15,28,21,3,19,2,23,54,Tie
12,16,17,13,2,19,4,23,42,Win
10,16,29,16,2,24,1,25,40,Lost
16,8,36,15,3,16,1,40,40,Win
15,15,14,22,4,23,0,13,55,Tie
15,15,13,11,5,21,3,16,36,Tie
5,16,14,12,2,14,2,16,36,Win
3,16,0,3,0,2,0,33,11,Win
13,16,34,16,5,21,0,50,46,Lost
16,5,20,13,5,10,1,23,35,Win
16,11,70,19,4,15,2,21,58,Win
16,12,14,21,4,19,3,19,54,Win
16,10,26,16,1,18,5,18,47,Win
16,9,17,12,4,20,2,8,33,Lost
16,8,16,12,2,20,2,25,35,Lost
5,16,90,10,6,13,4,33,40,Win
8,16,32,17,1,20,2,35,37,Lost
11,16,13,17,4,23,1,35,53,Lost
12,16,80,14,6,23,2,21,40,Lost
16,7,27,6,3,18,1,25,24,Lost
16,10,26,13,7,22,3,15,41,Lost
16,9,18,16,5,20,2,37,48,Lost
8,16,15,14,3,17,2,13,33,Win
16,8,13,22,6,13,6,36,63,Win
16,8,15,16,3,13,2,18,43,Win
15,15,14,17,8,20,1,29,51,Tie
15,15,13,13,3,23,1,23,40,Tie
2,16,34,12,0,18,0,33,24,Lost
16,5,45,4,0,18,0,25,10,Lost
16,6,23,14,6,12,0,14,39,Win
3,16,0,6,2,17,0,66,14,Lost
3,16,15,9,5,19,0,33,23,Lost
16,0,24,7,4,16,0,14,22,Lost
12,16,0,12,5,20,2,16,35,Win
16,14,15,7,6,22,0,42,26,Win
9,16,227,12,3,20,1,41,29,Lost
11,16,14,20,3,19,1,40,48,Lost
12,16,130,12,4,19,2,16,45,Win
9,16,45,9,5,20,0,10,29,Win
16,9,0,1,1,3,0,0,3,Lost
2,16,25,8,5,12,2,62,28,Win
6,16,14,13,1,15,1,23,33,Win
0,16,31,13,10,8,2,23,36,Win
16,3,14,11,4,11,1,9,27,Win
16,10,19,17,5,16,2,23,47,Win
15,15,25,11,8,23,0,27,30,Tie
16,5,0,3,0,6,0,66,7,Win
14,16,12,16,2,18,2,17,41,Lost
14,16,15,18,5,21,1,52,44,Win
12,16,23,13,3,21,1,23,42,Win
5,16,15,13,3,15,3,7,34,Win
16,3,11,11,1,13,1,0,25,Win
16,1,32,15,5,9,4,13,37,Win
16,1,0,1,1,6,0,0,3,Lost
16,9,15,10,2,17,1,10,24,Win
16,12,40,18,5,16,0,5,42,Win
13,16,26,17,6,22,2,35,43,Win
3,16,30,18,5,9,5,33,45,Win
15,15,11,19,2,23,2,31,45,Tie
9,16,23,14,5,20,1,21,41,Lost
16,13,28,17,3,18,5,23,45,Win
16,12,14,8,1,18,0,25,23,Win
6,16,10,14,2,13,1,7,41,Win
16,3,39,7,5,9,0,25,26,Win
16,4,11,5,4,18,0,40,20,Lost
15,15,30,30,5,19,4,20,75,Tie
4,16,16,6,4,18,2,16,22,Lost
15,15,150,9,4,23,2,22,27,Tie
16,3,36,7,8,12,1,28,25,Win
16,2,18,6,2,18,0,16,18,Lost
7,16,16,10,2,15,1,30,26,Win
16,12,11,15,4,21,1,20,36,Lost
16,12,12,13,6,21,2,15,39,Win
7,16,24,17,5,18,2,35,49,Win
16,9,16,12,6,19,3,16,39,Lost
16,4,12,10,0,17,0,30,23,Lost
16,6,16,15,3,10,3,26,40,Win
9,16,62,8,4,16,0,12,28,Win
16,4,19,10,4,11,3,50,28,Win
16,5,22,9,3,17,2,22,25,Lost
16,8,15,22,5,13,2,22,52,Win
15,15,16,14,6,25,0,21,37,Tie
2,16,0,1,2,10,0,0,4,Lost
16,10,16,11,9,18,2,36,35,Win
7,16,27,20,2,19,1,10,50,Lost
8,16,13,19,4,14,7,31,51,Win
16,3,13,15,5,6,2,26,38,Win
11,16,29,21,3,22,3,33,54,Lost
3,16,14,22,2,10,2,9,51,Win
16,6,23,10,4,13,1,30,27,Win
16,11,24,17,5,23,2,17,45,Lost
8,16,15,16,1,14,4,31,47,Win
9,16,33,10,2,12,1,30,33,Win
15,15,17,13,4,25,1,53,39,Tie
16,4,25,11,1,20,0,36,27,Lost
3,16,26,16,2,9,3,18,49,Win
16,11,11,16,4,23,1,18,42,Lost
7,16,32,15,2,18,0,53,32,Lost
16,1,12,5,5,17,0,20,15,Lost
5,16,32,5,2,17,0,40,12,Lost
16,7,15,8,4,16,2,50,28,Win
16,8,15,16,2,18,1,25,43,Lost
16,6,13,9,0,8,0,11,21,Win
15,15,17,21,1,22,3,28,48,Tie
12,16,31,11,3,25,1,45,29,Lost
14,16,39,27,6,20,2,22,71,Lost
16,13,24,16,1,23,3,12,40,Lost
16,7,16,11,2,13,2,18,28,Win
11,16,27,12,0,21,2,50,33,Lost
16,11,15,11,3,25,1,45,31,Lost
11,16,28,11,4,17,0,27,36,Win
11,13,0,6,5,15,1,33,19,Lost
16,6,27,6,2,17,1,16,27,Lost
15,15,27,13,3,24,1,50,40,Tie
15,15,14,16,5,25,0,25,41,Tie
16,12,30,18,4,21,1,16,46,Win
15,15,9,19,3,23,2,21,48,Tie
16,10,14,7,5,22,0,37,22,Lost
1,16,16,12,1,16,0,25,25,Lost
7,16,33,16,1,15,2,18,35,Lost
11,16,38,10,5,23,1,30,27,Lost
15,15,18,19,2,20,1,15,47,Tie
16,7,18,17,3,17,2,29,45,Win
16,4,34,7,4,17,0,28,22,Lost
12,16,26,31,5,16,4,19,71,Win
15,15,41,20,5,20,2,19,53,Tie
16,11,45,20,3,20,1,15,47,Lost
16,8,30,17,2,14,0,23,45,Win
16,10,25,11,3,20,0,0,27,Lost
10,16,38,14,5,22,1,21,35,Lost
16,12,32,19,6,24,3,15,59,Lost
2,16,147,15,5,11,2,40,42,Win
13,16,17,10,2,21,3,0,26,Win
15,15,23,22,4,22,4,27,61,Tie
4,16,13,5,5,17,0,40,16,Lost
14,16,33,15,6,23,1,26,45,Lost
9,16,81,12,2,20,1,33,33,Lost
16,3,23,14,2,17,1,7,36,Lost
16,9,23,16,4,20,2,31,46,Lost
15,15,44,11,6,20,1,9,37,Tie
10,16,27,21,2,15,3,38,49,Win
9,16,43,13,5,19,1,7,33,Lost
16,1,28,13,5,8,1,23,33,Win
16,6,20,14,3,19,1,14,39,Lost
16,9,22,11,5,14,1,8,29,Win
15,15,19,18,3,23,1,22,49,Tie
3,16,40,11,6,8,1,9,39,Win
16,12,18,13,6,22,1,23,35,Win
13,16,41,8,8,22,2,50,30,Lost
4,16,0,3,1,9,0,0,7,Lost
6,16,47,16,4,13,3,18,41,Win
16,4,35,15,4,12,3,33,35,Win
16,11,38,20,4,17,1,35,49,Win
16,11,36,19,6,21,3,26,49,Lost
16,5,19,9,1,17,0,33,28,Lost
16,5,24,20,4,10,4,10,50,Win
16,12,25,20,5,20,4,15,52,Win
9,16,40,18,4,17,1,22,49,Win
12,16,51,19,3,19,3,31,48,Win
2,16,68,5,2,16,0,20,12,Lost
16,4,18,12,7,14,2,16,33,Win
16,9,37,28,4,18,4,21,62,Win
13,16,25,12,3,22,0,41,32,Lost
11,16,78,14,1,18,0,42,34,Lost
14,16,48,12,5,23,1,33,36,Lost
16,8,76,25,4,16,1,20,56,Win
16,10,80,17,4,16,1,11,50,Win
6,16,31,18,5,12,3,22,52,Win
16,9,37,19,4,17,3,26,47,Win
2,16,38,12,1,17,1,50,26,Lost
16,4,33,12,2,17,3,8,33,Lost
16,8,34,14,1,19,1,21,35,Lost
8,16,39,10,2,19,1,30,26,Lost
16,9,39,19,3,18,3,36,46,Lost
16,12,39,26,3,19,6,23,67,Win
16,5,32,9,3,18,1,11,28,Lost
16,8,44,7,1,21,2,33,23,Lost
16,9,24,16,6,17,3,12,44,Win
0,16,38,7,0,16,0,28,14,Lost
5,16,41,8,3,14,0,12,19,Lost
9,16,38,19,3,16,2,10,47,Win
14,16,42,15,5,22,1,6,42,Lost
16,13,21,21,8,23,2,19,50,Win
12,16,25,17,10,23,1,52,52,Win
1,16,46,7,0,17,0,28,14,Lost
16,3,20,13,1,5,3,38,33,Win
6,16,20,10,4,18,2,20,29,Lost
16,7,35,15,4,14,2,33,36,Win
16,5,49,14,4,13,2,21,44,Win
16,13,52,21,3,16,3,9,52,Win
16,14,39,22,3,19,5,22,68,Win
14,16,40,13,7,22,1,15,44,Lost
9,16,30,13,9,21,0,46,43,Lost
16,1,19,6,3,17,0,0,19,Lost
16,11,31,21,7,21,3,23,53,Lost
16,2,43,13,5,10,1,7,33,Win
11,16,73,20,6,20,1,25,48,Win
9,16,0,9,1,8,2,55,21,Lost
15,15,62,27,1,21,4,29,64,Tie
16,6,67,17,3,14,1,29,37,Win
16,11,38,15,7,17,3,26,43,Win
14,16,41,14,5,22,1,21,36,Lost
11,16,55,14,8,23,3,21,43,Lost
16,6,0,0,0,1,0,0,0,Lost
13,16,37,12,4,22,1,16,34,Lost
16,9,32,30,6,16,4,33,76,Win
9,16,36,13,7,20,1,46,35,Lost
16,12,39,11,5,21,0,41,27,Win
16,9,22,14,2,20,1,35,36,Lost
8,16,51,17,1,18,1,29,40,Lost
16,13,0,19,4,18,0,15,51,Lost
16,4,23,12,2,17,1,23,26,Lost
6,13,37,9,5,15,2,33,25,Lost
16,4,39,11,0,13,3,9,24,Win
3,16,40,9,3,18,0,33,21,Lost
4,16,39,12,2,12,3,23,36,Win
12,16,42,17,4,19,1,23,40,Win
9,16,37,26,6,16,6,23,71,Win
12,16,31,24,3,20,2,33,62,Lost
16,7,0,5,0,15,1,20,15,Lost
12,16,35,12,7,19,2,41,34,Lost
7,16,41,14,8,16,1,14,42,Win
4,16,38,12,4,16,1,50,35,Lost
16,9,41,25,3,22,3,16,58,Lost
16,5,37,22,10,11,3,22,58,Win
14,16,35,13,4,22,2,30,45,Win
13,16,40,18,4,15,2,16,47,Win
16,12,0,17,2,13,3,47,47,Lost
6,16,24,8,5,20,0,37,21,Lost
16,8,34,11,8,17,3,18,39,Win
11,16,43,25,5,15,2,32,68,Win
9,16,0,17,6,19,1,38,45,Lost
12,16,41,11,4,18,2,18,32,Lost
7,16,33,25,3,13,4,32,62,Win
16,2,39,15,2,10,4,33,32,Win
14,16,20,13,10,19,2,30,46,Lost
4,16,37,19,4,10,4,15,48,Win
16,5,22,8,2,19,0,0,22,Lost
16,6,26,11,7,11,0,54,33,Win
16,9,27,7,4,22,0,14,18,Lost
5,16,57,10,4,12,1,50,34,Win
16,6,0,10,2,13,0,20,31,Lost
5,16,116,11,2,11,1,18,34,Win
16,6,124,10,1,18,2,0,23,Lost
5,16,24,7,3,18,0,28,21,Lost
9,16,36,12,5,20,2,8,31,Lost
10,16,23,14,8,18,2,21,43,Lost
2,16,32,10,4,16,2,10,29,Lost
16,13,39,12,5,25,0,25,32,Lost
16,14,35,16,5,25,2,37,42,Lost
15,15,26,13,7,22,1,61,45,Tie
12,16,24,24,9,22,3,16,61,Lost
2,16,25,22,4,10,3,18,52,Win
12,16,23,30,5,18,6,20,71,Win
10,16,23,21,5,20,4,9,53,Lost
9,16,40,19,6,14,2,31,51,Win
2,10,23,11,2,9,2,27,24,Lost
16,4,41,13,3,12,3,15,31,Win
16,11,20,18,3,24,1,27,43,Lost
16,13,34,14,5,24,3,28,43,Lost
6,16,21,17,1,13,2,41,46,Win
6,16,36,5,3,14,0,20,19,Win
16,5,37,15,6,19,2,46,37,Lost
12,16,50,24,3,22,5,50,59,Lost
9,16,36,23,4,17,4,34,61,Lost
16,13,53,20,14,21,2,25,62,Win
16,11,42,15,8,18,2,26,38,Win
10,16,63,10,9,18,1,40,29,Lost
16,10,335,15,4,20,2,26,43,Lost
16,12,49,24,2,17,4,16,55,Win
16,9,724,13,3,20,2,30,36,Win
16,9,53,13,1,17,1,46,29,Win
16,9,0,7,2,10,0,28,30,Lost
16,10,42,19,4,18,3,36,56,Win
14,16,39,28,7,22,4,21,72,Win
3,16,47,7,2,16,0,42,18,Lost
16,14,69,19,4,21,3,21,50,Win
13,16,38,15,6,23,0,26,39,Lost
16,8,49,7,7,16,1,57,31,Win
5,16,45,14,3,12,2,42,42,Win
13,16,40,13,4,21,2,0,39,Lost
7,16,38,7,0,14,2,0,24,Win
16,14,38,9,6,22,1,11,33,Win
10,16,45,19,2,11,2,15,56,Win
16,10,34,13,8,19,4,46,46,Lost
4,16,41,14,5,18,1,57,38,Lost
9,16,49,11,2,21,1,18,24,Lost
16,5,73,6,3,16,0,33,19,Lost
1,16,40,7,2,17,1,0,16,Lost
16,13,137,15,6,26,0,20,40,Lost
16,3,58,13,1,17,1,53,36,Lost
13,16,38,13,10,21,3,46,42,Win
7,16,44,13,3,17,1,15,31,Lost
6,16,24,9,4,18,1,44,22,Lost
16,7,24,12,4,18,0,25,33,Lost
16,7,95,15,7,15,2,20,43,Win
2,10,39,7,0,5,2,28,27,Win
15,15,38,9,4,23,0,22,28,Tie
5,16,40,11,3,15,2,18,38,Win
16,10,53,12,5,17,1,33,35,Win
16,14,25,14,3,24,0,14,34,Lost
16,12,22,6,5,21,0,16,24,Lost
16,7,35,13,6,16,1,30,33,Win
16,8,40,9,5,17,1,22,31,Win
15,15,50,28,4,19,3,14,74,Tie
6,16,27,19,6,14,4,33,59,Win
16,5,41,12,5,12,1,16,34,Win
9,16,35,18,3,19,2,31,48,Lost
12,16,62,18,3,19,2,11,53,Lost
16,2,34,15,5,16,0,20,41,Lost
16,9,40,19,6,21,2,36,50,Lost
2,16,37,11,2,8,1,9,32,Win
9,16,0,9,3,14,1,22,22,Lost
14,16,23,15,2,24,2,20,35,Lost
16,1,44,17,4,8,3,11,39,Win
16,7,25,26,7,16,3,19,67,Win
16,2,38,10,3,18,0,30,28,Lost
16,14,38,13,4,22,1,23,33,Lost
16,5,26,21,6,15,1,47,52,Win
16,11,27,23,10,16,3,21,60,Win
16,9,24,22,4,16,2,27,51,Win
8,16,27,17,6,16,4,47,47,Win
16,10,29,14,5,17,1,14,39,Win
3,16,21,10,4,18,1,20,26,Lost
6,16,21,17,5,13,1,17,51,Win
12,16,0,0,0,5,0,0,0,Win
9,16,40,18,3,23,1,11,41,Lost
16,12,103,26,8,17,2,30,70,Lost
16,11,75,16,5,19,1,37,41,Win
12,16,21,10,6,18,3,30,36,Win
15,15,25,20,5,21,2,40,49,Tie
16,0,41,7,4,16,0,14,18,Lost
12,16,35,27,4,19,8,21,80,Lost
16,9,36,13,7,22,0,7,40,Lost
16,4,21,10,1,17,0,40,24,Lost
12,16,26,24,8,22,3,8,61,Win
7,16,70,14,3,20,2,7,31,Lost
16,4,29,7,3,17,1,42,24,Lost
13,16,40,21,6,23,3,38,61,Win
16,5,27,16,3,16,2,25,40,Lost
16,3,39,13,1,16,2,23,30,Lost
5,16,22,10,7,13,1,18,35,Win
15,15,35,18,6,22,3,27,53,Tie
16,11,0,16,4,15,2,37,41,Win
16,2,39,8,2,18,0,12,20,Lost
16,12,22,20,4,19,3,40,51,Win
16,11,20,14,8,20,4,21,47,Lost
16,5,21,14,3,18,1,35,36,Lost
10,16,22,21,6,19,3,19,58,Lost
12,16,38,22,12,21,3,36,64,Win
16,6,37,15,6,10,3,20,46,Win
16,6,36,17,2,17,1,41,44,Lost
5,16,20,20,8,9,7,20,60,Win
16,7,41,17,5,18,4,41,48,Lost
15,15,43,22,1,18,4,22,53,Tie
16,13,57,25,7,18,3,24,63,Win
16,12,23,20,4,22,2,15,48,Lost
11,16,25,10,3,21,0,60,23,Lost
14,16,40,14,10,24,0,26,45,Lost
12,16,24,13,6,22,2,30,41,Win
4,13,36,11,2,9,1,36,29,Win
16,7,38,18,5,19,2,38,47,Lost
9,16,27,9,6,21,0,22,27,Lost
11,16,36,17,4,17,4,38,47,Win
6,16,40,11,6,19,3,9,31,Lost
4,13,27,11,4,6,2,27,46,Win
16,12,25,10,8,23,2,54,33,Lost
5,16,18,11,4,18,2,36,29,Lost
5,16,0,2,3,7,0,0,7,Lost
16,14,76,22,7,22,3,9,55,Win
15,15,56,29,3,22,3,27,70,Tie
15,15,36,15,5,22,1,26,41,Tie
12,16,145,15,5,18,1,40,39,Lost
16,6,40,20,5,14,3,20,51,Win
16,7,38,24,2,10,6,20,57,Win
13,16,23,24,8,20,6,32,60,Win
10,16,84,15,3,17,1,46,40,Win
16,2,22,17,3,7,1,23,38,Win
16,13,42,18,5,22,1,22,52,Lost
5,16,44,10,2,17,1,40,24,Lost
3,16,46,14,3,17,0,21,33,Lost
16,11,49,26,4,14,4,19,64,Win
16,2,0,0,1,7,0,0,1,Lost
16,4,70,13,8,8,2,38,38,Win
13,16,47,21,5,17,4,23,53,Lost
16,8,39,14,1,21,2,42,34,Lost
6,16,37,11,10,13,1,41,42,Win
10,16,23,22,6,17,5,36,64,Win
5,16,21,9,7,16,3,11,37,Win
10,0,45,9,1,1,2,11,19,Win
9,16,39,14,9,18,3,7,41,Lost
15,15,35,19,6,17,2,26,55,Tie
2,16,36,9,5,6,2,22,35,Win
6,16,0,11,2,16,1,45,24,Lost
13,16,35,15,6,19,1,46,49,Win
16,9,23,21,3,15,3,33,56,Win
16,4,35,13,2,13,3,46,32,Win
16,10,23,16,7,15,2,18,47,Win
16,13,37,17,3,20,1,17,48,Lost
16,14,37,23,7,21,4,26,57,Lost
12,16,24,18,6,20,2,16,46,Lost
2,16,39,16,2,9,2,37,44,Win
2,16,66,6,4,17,1,71,16,Lost
16,4,25,10,4,20,0,30,26,Lost
11,16,35,26,5,21,4,53,62,Win
16,13,42,22,5,21,1,27,54,Win
16,4,28,16,11,7,3,23,44,Win
4,16,41,8,5,18,1,37,25,Lost
5,16,30,9,1,20,0,11,19,Lost
10,16,34,19,2,16,3,26,49,Win
16,4,28,13,7,8,0,23,39,Win
5,16,54,14,2,12,1,64,36,Win
16,8,37,23,5,11,2,34,53,Win
8,16,40,16,3,19,1,25,35,Lost
10,16,37,14,6,17,2,35,43,Win
16,10,38,27,3,13,7,33,69,Win
14,16,57,22,8,22,1,36,57,Lost
16,6,48,15,1,9,2,26,39,Win
16,10,27,13,4,15,0,30,30,Win
11,16,36,20,10,17,1,14,64,Win
1,16,40,13,4,16,0,23,30,Lost
11,16,33,21,1,18,1,23,50,Lost
14,16,15,25,6,22,3,20,63,Lost
16,13,34,20,7,22,2,15,54,Lost
16,1,19,5,1,16,1,40,11,Lost
16,3,25,7,3,18,1,28,24,Lost
10,16,30,12,6,20,0,25,32,Lost
16,2,47,17,5,8,3,11,51,Win
16,7,28,12,8,12,2,75,44,Win
10,16,46,14,2,20,2,42,37,Lost
16,13,34,18,4,19,0,27,45,Win
16,3,32,12,4,17,0,25,36,Lost
16,8,23,16,1,22,0,25,35,Lost
9,16,40,20,6,18,4,35,53,Win
16,9,38,21,4,12,2,33,54,Win
15,15,37,20,7,23,4,35,48,Tie
16,6,36,11,4,16,3,18,34,Lost
7,16,32,15,2,20,1,26,32,Lost
16,11,22,15,5,20,2,33,38,Lost
16,9,19,16,4,22,1,62,45,Lost
10,16,39,11,2,12,1,41,28,Win
16,8,36,21,4,17,4,42,49,Lost
6,16,35,16,5,11,5,12,51,Win
12,16,37,13,5,17,0,35,36,Win
6,16,23,7,6,19,1,57,20,Lost
8,16,0,1,2,8,0,0,4,Lost
9,16,23,16,2,13,2,56,44,Win
10,16,39,16,7,23,3,50,47,Lost
16,10,39,13,3,21,2,23,37,Lost
8,16,35,12,4,20,1,33,32,Lost
16,9,21,15,4,17,3,53,35,Win
4,16,40,12,7,17,2,58,32,Lost
16,6,47,18,5,12,1,50,47,Win
16,5,25,10,3,15,2,10,32,Lost
11,16,47,18,4,17,2,55,42,Win
9,16,37,16,7,18,2,37,42,Win
16,12,34,14,9,21,1,28,41,Win
9,16,0,11,4,16,2,15,33,Lost
16,5,21,8,1,19,2,37,26,Lost
7,16,24,12,3,17,1,25,29,Lost
16,13,22,15,7,22,1,60,42,Win
12,16,34,13,1,21,1,30,28,Lost
4,16,23,6,3,15,0,50,17,Win
16,4,99,10,5,12,1,30,30,Win
16,4,46,12,2,20,0,16,26,Lost
16,8,41,19,6,21,2,31,51,Lost
11,16,17,9,3,20,2,55,30,Lost
8,16,20,11,4,20,1,27,31,Lost
7,16,16,6,3,15,1,16,23,Win
